draftId	email	name
r1339404647363678193	sales@chseahfishery.com.my	C H Seah Fishery
r6295667523019553906	cityelectronic09@gmail.com	City E
r8545171043730705602	services.cjcar@gmail.com	XD Auto
r2709110782298352424	clasico.ch88@gmail.com	Clasico
r-3529290805679133915	supermancleaning2259@gmail.com	Cleanmaid
r3695162079459881329	admin@cltengineeringconsultancy.com.my	CLT Engineering
r5017225196803398660	cmautohaus88@gmail.com	CM Autohaus
r3225268099184744727	cmsmacsb@gmail.com	CMS Machinery
r-998175631224371459	cmtechnology11@gmail.com	CM Technology
r2018315596902238891	doublelmgt@gmail.com	C and C Corporate
r-6654160622239115836	ilovecocoart@gmail.com	Cocoart
r3823530515917654539	admin@pitticaffe.com.my	PITTI CAFFE
r-7077155768845484037	info@coffeeteasupply.com.my	Coffee Tea Supply
r1764459089658203253	support@collagenplus.com.my	Quality Care
r6983744985642283783	colsonmach@gmail.com	Colson Machinery
r6969060529098216182	comechatcrm@gmail.com	ComeChat
r6485990167846059606	comfort_lighting@outlook.my	Comfort Lighting
r27678013041109409	comfortofficefurniture@gmail.com	Comfort Office
r4870828746698062053	sales@comparefibre.my	Compare Fibre
r3849818494407195429	enquiry@completesolutions.com.my	Complete Solutions
r-8445251271241240062	yogie@compucats.com.my	Compucats
r464185552456774555	concepthsolutions@gmail.com	Concept H Solutions
r-5817722745823000965	sales@conerental.com.my	Conerental
r6600701633100466013	enquiry@consfieldcf.com.my	Consfield
r-4128856961976738751	enquiry@contactamenities.com.my	Contact Amenities
r5341529065466812704	cylimmarketing@gmail.com	COO Induction
r3339224373890070312	sales@coolauto.com.my	Cool Auto
r6839774750886807011	sales@cooled.my	Cooled
r-4832927978706823787	service@coolerengineering.com.my	Cooler Engineering
r-1933169043139402315	inw.oa@hotmail.com	Innowest
r-6304060500011422416	corenationengineering@gmail.com	Core Nation
r-7271279582105417322	inquiry@cottageliving.com.my	Cottage Living
r543047347691933658	general@countryvillasresort.com.my	Country Villas
r6052630105871912070	inquiry@cozidesign.com.my	Cozi Design
r8494869184029973026	cpdesign08@gmail.com	CP Sign
r6028482279109142187	cspoints2u@gmail.com	CS Point
r962282743201860191	craftsmandesign90@gmail.com	Craftsman Design
r-7407587239945333944	sales@cranewise.com.my	Cranewise
r-6080910491683279899	cratestudio.my@gmail.com	Crate Studio
r4546478053063072037	sales@creativeav.com.my	Creative AV
r-3717041650369520154	enquiry@creativeworkshop.my	Creative Workshop
r-3865324947779396409	eddycrosmed@gmail.com	Crosmed
r474748173915224534	crosslinkepoxy@gmail.com	Crosslink
r91218331976321489	cps5113@yahoo.com	Crystal Pool
r6609196279621179045	customercare@cs.net.my	CS Sales
r3919860782136806805	sales.csautomation@gmail.com	CS Automation
r4262421568877807859	csscarpet@gmail.com	CSS Carpet
r-26508780442901725	sales@csshop.com.my	Cue Station
r2130507142575989502	sales@cswcompressor.com.my	CSW Compressor
r-948577522902149863	sales@ctc.com.my	CTC Titanium
r5409919155722304594	chitakkl@gmail.com	Chi Tak Electrical
r2924316528060661778	sales@ctfurniture.com.my	CT Office Furniture
r-8904359830787061450	ctprecisionsb@gmail.com	CT Precision
r1185785262187514066	sfwee@ctw2u.my	CTW Infra
r-7273235910601502978	hello@cupffee.my	Cupffee
r-9138266755190021512	sales@curtain.com.my	Middle Curtains
r7334001095707831534	cutdomospelangi@gmail.com	Cutdomos
r6168682391596956359	sales@cuttingservices.com.my	Spectrum Laser
r-1832943283365995870	enquiry@cy-tech.com.my	CYMECH
r-644199653163227840	dansation20@gmail.com	Dansation
r-4020322915373649676	ht_hardware@hotmail.com	Heng Tai Hardware
r-2338657324755234106	deko_dme@hotmail.com	Deko
r-4735478704864686008	delitea.my@gmail.com	Delitea
r-931886347792671479	dephon@gmail.com	Dephon
r-3379989692019413071	deprojacket@gmail.com	Depro Jacket
r-8804756036766266896	tangwl@designabit.com.my	Designabit
r-5376941908537130290	enquiries@dexsteel.com.my	Dexsteel
r-6867245737933773648	enquiry@dinowork.com.my	Dino Work
r-3411700622546756739	displaysystem02@gmail.com	A Top Station
r-7138898814480050842	dksb.eng@gmail.com	DKSB
r-5138841655412036887	sales@doktorgadget.com.my	Doktor Gadget
r-6959719776047319105	mahloong@gmail.com	Balakong Badminton
r-1173146875894773921	info@dwimakmur.com.my	Dwi Makmur
r6917424880303258100	info@eccsb.com.my	ECC
r-7282919983251176138	richard-lay@hotmail.com	Heavy Duty AV
r-4261729377734111654	contactusuh@gmail.com	Unitrack HELI
r-6658301846446711521	info@hengwang.com.my	Heng Wang
r5548256361417210913	henglitradin9@gmail.com	Heng Li Art
r4680561197088057801	enquiry@hepacleanroom.com.my	HEPA Technologies
r-5161320921431303524	sales2@heplek.com.my	Heplek
r5103789763727144130	heutig.polyseals@gmail.com	HEUTIG
r-9036982813541104517	hin.construction.11@gmail.com	Hin Construction
r550194650551492962	sales@highclassautosb.com.my	High Class Auto
r733021094706880392	hlsb8800@gmail.com	HL Globe
r3721891476717653246	hnkflooring18@gmail.com	HNK Flooring
r-4580575178483138154	enquiry@hoem.com.my	HOEM
r-3947332279142208155	sales@homenetscreens.com.my	Classic Homenet
r-5849102690639159780	homestyle2009.info@gmail.com	Home Style
r350571925414277714	successtechnicoffice@gmail.com	Success Technic
r-2570397464248795387	honsenmelaka@gmail.com	Honsen Melaka
r-8150072294469978147	dentalclinichorizon@gmail.com	Horizon Dental
r-8444992398246434607	admin.htlife@gmail.com	Horus
r4538459575194633027	ylkindustrial@gmail.com	YLK Industrial
r-7662285239886624529	hoshengent@gmail.com	Ho Sheng
r-1651084603383628118	kantangrowth@gmail.com	KanTan Growth
r7992611936974851350	huangmotormsb@gmail.com	Huang Motor
r-8447114124079897304	huatickchia9663@gmail.com	Hua Tick Recycle
r6171016489247511620	enquiry2@hupchingfl.com.my	Hup Ching
r7694863304936480235	sales@hupleck.com.my	Hup Leck
r-1052991210787198106	hybridprint6661@gmail.com	Hybrid Print
r-607440508633975122	asiagenesishealth@gmail.com	AsiaGenesis Health
r-5586061651646131774	info@ibnusina.com.my	Ibnusina Offshore
r-143229096222463869	icoatingsdnbhd@gmail.com	I Coating
r-8298603844503711847	info@ictvision.my	ICT Vision
r-4784705759855231107	icucicleaning@gmail.com	iCuci
r-4787753868514665637	ideal.os.sales@gmail.com	Ideal Office Solutions
r-8313130457539709515	idees248@gmail.com	Idees
r-4520465743507435345	irdayuenterprise@gmail.com	IE Curtain Glory
r-6615283302644313066	sales@ifway.com.my	Integrated Formway
r1463855348102805708	enquiry@ihas.com.my	IHAS
r-4460867456532126128	imachinery.online@gmail.com	I Machinery
r-8241997868054926953	imarinesolutions@hotmail.com	I Marine Solutions
r-153333982120816241	impressionbeauty2738@gmail.com	Impression Beauty
r6479304711716423460	ksindahhome@gmail.com	Indah Home Curtain
r7351397669423071827	indesignnbuild@gmail.com	Indesign and Build
r3748430384778451315	industeelmarketing@gmail.com	Industeel
r1085259578009481355	novitech002@gmail.com	Novitech
r8215723102226919397	inquiry@infinitewineshop.com.my	Infinite Wines
